


-- ----------------------------
-- Table structure for BONUS
-- ----------------------------
DROP TABLE "SCOTT"."BONUS";
CREATE TABLE "SCOTT"."BONUS" (
  "ENAME" VARCHAR2(10 BYTE),
  "JOB" VARCHAR2(9 BYTE),
  "SAL" NUMBER,
  "COMM" NUMBER
)
LOGGING
NOCOMPRESS
PCTFREE 10
INITRANS 1
STORAGE (
  BUFFER_POOL DEFAULT
)
PARALLEL 1
NOCACHE
DISABLE ROW MOVEMENT
;

-- ----------------------------
-- Records of BONUS
-- ----------------------------

-- ----------------------------
-- Table structure for CART
-- ----------------------------
DROP TABLE "SCOTT"."CART";
CREATE TABLE "SCOTT"."CART" (
  "CID" NUMBER(2,0) NOT NULL,
  "USERID" NUMBER(2,0) NOT NULL,
  "PID" NUMBER(2,0) NOT NULL,
  "NUM" NUMBER(2,0)
)
LOGGING
NOCOMPRESS
PCTFREE 10
INITRANS 1
STORAGE (
  INITIAL 65536 
  NEXT 1048576 
  MINEXTENTS 1
  MAXEXTENTS 2147483645
  BUFFER_POOL DEFAULT
)
PARALLEL 1
NOCACHE
DISABLE ROW MOVEMENT
;

-- ----------------------------
-- Records of CART
-- ----------------------------
INSERT INTO "SCOTT"."CART" VALUES ('1', '1', '1', '2');
INSERT INTO "SCOTT"."CART" VALUES ('2', '3', '1', '3');
INSERT INTO "SCOTT"."CART" VALUES ('3', '2', '2', '5');
INSERT INTO "SCOTT"."CART" VALUES ('4', '3', '3', '4');
INSERT INTO "SCOTT"."CART" VALUES ('5', '1', '2', '3');
INSERT INTO "SCOTT"."CART" VALUES ('6', '2', '4', '6');

-- ----------------------------
-- Table structure for COURSES
-- ----------------------------
DROP TABLE "SCOTT"."COURSES";
CREATE TABLE "SCOTT"."COURSES" (
  "CNO" NUMBER NOT NULL,
  "CNAME" VARCHAR2(20 BYTE),
  "CREDIT" NUMBER
)
LOGGING
NOCOMPRESS
PCTFREE 10
INITRANS 1
STORAGE (
  INITIAL 65536 
  NEXT 1048576 
  MINEXTENTS 1
  MAXEXTENTS 2147483645
  BUFFER_POOL DEFAULT
)
PARALLEL 1
NOCACHE
DISABLE ROW MOVEMENT
;
COMMENT ON COLUMN "SCOTT"."COURSES"."CREDIT" IS '学分';

-- ----------------------------
-- Records of COURSES
-- ----------------------------
INSERT INTO "SCOTT"."COURSES" VALUES ('1', 'JAVA', '3');
INSERT INTO "SCOTT"."COURSES" VALUES ('2', 'ACM', '2');
INSERT INTO "SCOTT"."COURSES" VALUES ('3', 'CTF', '1');
INSERT INTO "SCOTT"."COURSES" VALUES ('4', 'C#', '3');

-- ----------------------------
-- Table structure for DEPT
-- ----------------------------
DROP TABLE "SCOTT"."DEPT";
CREATE TABLE "SCOTT"."DEPT" (
  "DEPTNO" NUMBER(2,0) NOT NULL,
  "DNAME" VARCHAR2(14 BYTE),
  "LOC" VARCHAR2(13 BYTE)
)
LOGGING
NOCOMPRESS
PCTFREE 10
INITRANS 1
STORAGE (
  INITIAL 65536 
  NEXT 1048576 
  MINEXTENTS 1
  MAXEXTENTS 2147483645
  BUFFER_POOL DEFAULT
)
PARALLEL 1
NOCACHE
DISABLE ROW MOVEMENT
;

-- ----------------------------
-- Records of DEPT
-- ----------------------------
INSERT INTO "SCOTT"."DEPT" VALUES ('10', 'ACCOUNTING', 'NEW YORK');
INSERT INTO "SCOTT"."DEPT" VALUES ('20', 'RESEARCH', 'DALLAS');
INSERT INTO "SCOTT"."DEPT" VALUES ('30', 'SALES', 'CHICAGO');
INSERT INTO "SCOTT"."DEPT" VALUES ('40', 'OPERATIONS', 'BOSTON');

-- ----------------------------
-- Table structure for EMP
-- ----------------------------
DROP TABLE "SCOTT"."EMP";
CREATE TABLE "SCOTT"."EMP" (
  "EMPNO" NUMBER(4,0) NOT NULL,
  "ENAME" VARCHAR2(10 BYTE),
  "JOB" VARCHAR2(9 BYTE),
  "MGR" NUMBER(4,0),
  "HIREDATE" DATE,
  "SAL" NUMBER(7,2),
  "COMM" NUMBER(7,2),
  "DEPTNO" NUMBER(2,0)
)
LOGGING
NOCOMPRESS
PCTFREE 10
INITRANS 1
STORAGE (
  INITIAL 65536 
  NEXT 1048576 
  MINEXTENTS 1
  MAXEXTENTS 2147483645
  BUFFER_POOL DEFAULT
)
PARALLEL 1
NOCACHE
DISABLE ROW MOVEMENT
;

-- ----------------------------
-- Records of EMP
-- ----------------------------
INSERT INTO "SCOTT"."EMP" VALUES ('7369', 'SMITH', 'CLERK', '7902', TO_DATE('1980-12-17 00:00:00', 'SYYYY-MM-DD HH24:MI:SS'), '800', NULL, '20');
INSERT INTO "SCOTT"."EMP" VALUES ('7499', 'ALLEN', 'SALESMAN', '7698', TO_DATE('1981-02-20 00:00:00', 'SYYYY-MM-DD HH24:MI:SS'), '1600', '300', '30');
INSERT INTO "SCOTT"."EMP" VALUES ('7521', 'WARD', 'SALESMAN', '7698', TO_DATE('1981-02-22 00:00:00', 'SYYYY-MM-DD HH24:MI:SS'), '1250', '500', '30');
INSERT INTO "SCOTT"."EMP" VALUES ('7566', 'JONES', 'MANAGER', '7839', TO_DATE('1981-04-02 00:00:00', 'SYYYY-MM-DD HH24:MI:SS'), '2975', NULL, '20');
INSERT INTO "SCOTT"."EMP" VALUES ('7654', 'MARTIN', 'SALESMAN', '7698', TO_DATE('1981-09-28 00:00:00', 'SYYYY-MM-DD HH24:MI:SS'), '1250', '1400', '30');
INSERT INTO "SCOTT"."EMP" VALUES ('7698', 'BLAKE', 'MANAGER', '7839', TO_DATE('1981-05-01 00:00:00', 'SYYYY-MM-DD HH24:MI:SS'), '2850', NULL, '30');
INSERT INTO "SCOTT"."EMP" VALUES ('7782', 'CLARK', 'MANAGER', '7839', TO_DATE('1981-06-09 00:00:00', 'SYYYY-MM-DD HH24:MI:SS'), '2450', NULL, '10');
INSERT INTO "SCOTT"."EMP" VALUES ('7788', 'SCOTT', 'ANALYST', '7566', TO_DATE('1987-04-19 00:00:00', 'SYYYY-MM-DD HH24:MI:SS'), '3000', NULL, '20');
INSERT INTO "SCOTT"."EMP" VALUES ('7839', 'KING', 'PRESIDENT', NULL, TO_DATE('1981-11-17 00:00:00', 'SYYYY-MM-DD HH24:MI:SS'), '5000', NULL, '10');
INSERT INTO "SCOTT"."EMP" VALUES ('7844', 'TURNER', 'SALESMAN', '7698', TO_DATE('1981-09-08 00:00:00', 'SYYYY-MM-DD HH24:MI:SS'), '1500', '0', '30');
INSERT INTO "SCOTT"."EMP" VALUES ('7876', 'ADAMS', 'CLERK', '7788', TO_DATE('1987-05-23 00:00:00', 'SYYYY-MM-DD HH24:MI:SS'), '1100', NULL, '20');
INSERT INTO "SCOTT"."EMP" VALUES ('7900', 'JAMES', 'CLERK', '7698', TO_DATE('1981-12-03 00:00:00', 'SYYYY-MM-DD HH24:MI:SS'), '950', NULL, '30');
INSERT INTO "SCOTT"."EMP" VALUES ('7902', 'FORD', 'ANALYST', '7566', TO_DATE('1981-12-03 00:00:00', 'SYYYY-MM-DD HH24:MI:SS'), '3000', NULL, '20');
INSERT INTO "SCOTT"."EMP" VALUES ('7934', 'MILLER', 'CLERK', '7782', TO_DATE('1982-01-23 00:00:00', 'SYYYY-MM-DD HH24:MI:SS'), '1300', NULL, '10');

-- ----------------------------
-- Table structure for MUSER
-- ----------------------------
DROP TABLE "SCOTT"."MUSER";
CREATE TABLE "SCOTT"."MUSER" (
  "ID" RAW(16) NOT NULL,
  "USERNAME" VARCHAR2(20 BYTE) NOT NULL,
  "PASSWORD" VARCHAR2(10 BYTE) NOT NULL,
  "NAME" VARCHAR2(10 BYTE) NOT NULL,
  "SEX" CHAR(2 BYTE) NOT NULL
)
LOGGING
NOCOMPRESS
PCTFREE 10
INITRANS 1
STORAGE (
  INITIAL 65536 
  NEXT 1048576 
  MINEXTENTS 1
  MAXEXTENTS 2147483645
  BUFFER_POOL DEFAULT
)
PARALLEL 1
NOCACHE
DISABLE ROW MOVEMENT
;

-- ----------------------------
-- Records of MUSER
-- ----------------------------
INSERT INTO "SCOTT"."MUSER" VALUES (HEXTORAW('31'), 'nerv', '123456', 'nerv', 'm ');
INSERT INTO "SCOTT"."MUSER" VALUES (HEXTORAW('33'), '22', '22', '22', 'm ');
INSERT INTO "SCOTT"."MUSER" VALUES (HEXTORAW('32'), 'ask', '111111', 'ask', 'f ');
INSERT INTO "SCOTT"."MUSER" VALUES (HEXTORAW('34'), '33', '33', '33', 'm ');
INSERT INTO "SCOTT"."MUSER" VALUES (HEXTORAW('35'), '11', '11', '11', 'm ');
INSERT INTO "SCOTT"."MUSER" VALUES (HEXTORAW('36'), '55', '55', '55', 'm ');
INSERT INTO "SCOTT"."MUSER" VALUES (HEXTORAW('37'), '66', '66', '66', 'm ');

-- ----------------------------
-- Table structure for MYSQLINJECT
-- ----------------------------
DROP TABLE "SCOTT"."MYSQLINJECT";
CREATE TABLE "SCOTT"."MYSQLINJECT" (
  "ID" RAW(16) NOT NULL,
  "SQLINJECT" VARCHAR2(50 BYTE)
)
LOGGING
NOCOMPRESS
PCTFREE 10
INITRANS 1
STORAGE (
  INITIAL 65536 
  NEXT 1048576 
  MINEXTENTS 1
  MAXEXTENTS 2147483645
  BUFFER_POOL DEFAULT
)
PARALLEL 1
NOCACHE
DISABLE ROW MOVEMENT
;

-- ----------------------------
-- Records of MYSQLINJECT
-- ----------------------------
INSERT INTO "SCOTT"."MYSQLINJECT" VALUES (HEXTORAW('31'), '''+or+''1''=''1');

-- ----------------------------
-- Table structure for MYURL
-- ----------------------------
DROP TABLE "SCOTT"."MYURL";
CREATE TABLE "SCOTT"."MYURL" (
  "ID" RAW(16) NOT NULL,
  "URL" VARCHAR2(500 BYTE) NOT NULL,
  "SQL" CHAR(1 BYTE) NOT NULL,
  "USERID" RAW(16) NOT NULL
)
LOGGING
NOCOMPRESS
PCTFREE 10
INITRANS 1
STORAGE (
  INITIAL 65536 
  NEXT 1048576 
  MINEXTENTS 1
  MAXEXTENTS 2147483645
  BUFFER_POOL DEFAULT
)
PARALLEL 1
NOCACHE
DISABLE ROW MOVEMENT
;

-- ----------------------------
-- Records of MYURL
-- ----------------------------

-- ----------------------------
-- Table structure for MYUSER
-- ----------------------------
DROP TABLE "SCOTT"."MYUSER";
CREATE TABLE "SCOTT"."MYUSER" (
  "ID" RAW(16) NOT NULL,
  "USERNAME" VARCHAR2(20 BYTE) NOT NULL,
  "PASSWORD" VARCHAR2(10 BYTE) NOT NULL,
  "NAME" VARCHAR2(10 BYTE) NOT NULL,
  "SEX" CHAR(2 BYTE) NOT NULL,
  "STATUS" CHAR(1 BYTE) NOT NULL
)
LOGGING
NOCOMPRESS
PCTFREE 10
INITRANS 1
STORAGE (
  INITIAL 65536 
  NEXT 1048576 
  MINEXTENTS 1
  MAXEXTENTS 2147483645
  BUFFER_POOL DEFAULT
)
PARALLEL 1
NOCACHE
DISABLE ROW MOVEMENT
;

-- ----------------------------
-- Records of MYUSER
-- ----------------------------
INSERT INTO "SCOTT"."MYUSER" VALUES (HEXTORAW('B74495C5B153426D8192C7CCCCBA0C47'), 'lqc', '123456', 'steve', 'm ', '0');
INSERT INTO "SCOTT"."MYUSER" VALUES (HEXTORAW('96115590375144439F901091D211B97A'), 'liqikk', '111111', 'lucy', 'f ', '0');
INSERT INTO "SCOTT"."MYUSER" VALUES (HEXTORAW('8FFE9CC8ECD64BF68BEACC5AA28A4C13'), 'lichengkk', '654321', 'lily', 'f ', '0');

-- ----------------------------
-- Table structure for MYXSS
-- ----------------------------
DROP TABLE "SCOTT"."MYXSS";
CREATE TABLE "SCOTT"."MYXSS" (
  "ID" RAW(16) NOT NULL,
  "PAYLOAD" VARCHAR2(50 BYTE)
)
LOGGING
NOCOMPRESS
PCTFREE 10
INITRANS 1
STORAGE (
  INITIAL 65536 
  NEXT 1048576 
  MINEXTENTS 1
  MAXEXTENTS 2147483645
  BUFFER_POOL DEFAULT
)
PARALLEL 1
NOCACHE
DISABLE ROW MOVEMENT
;

-- ----------------------------
-- Records of MYXSS
-- ----------------------------
INSERT INTO "SCOTT"."MYXSS" VALUES (HEXTORAW('31'), '</script>"><script>prompt(1)</script>');
INSERT INTO "SCOTT"."MYXSS" VALUES (HEXTORAW('32'), '</script>"><script>prompt(1)</script>');
INSERT INTO "SCOTT"."MYXSS" VALUES (HEXTORAW('33'), '</ScRiPt>"><ScRiPt>prompt(1)</ScRiPt>');
INSERT INTO "SCOTT"."MYXSS" VALUES (HEXTORAW('34'), '"><img src=x onerror=prompt(1)>');
INSERT INTO "SCOTT"."MYXSS" VALUES (HEXTORAW('35'), '"><h1 onclick=prompt(1)>Clickme</h1>');
INSERT INTO "SCOTT"."MYXSS" VALUES (HEXTORAW('36'), '"><a href=javascript:prompt(1)>Clickme</a>');
INSERT INTO "SCOTT"."MYXSS" VALUES (HEXTORAW('37'), '"><script>co\u006efir\u006d`1`</script>');
INSERT INTO "SCOTT"."MYXSS" VALUES (HEXTORAW('38'), '<script>alert(''1'')</script>');

-- ----------------------------
-- Table structure for ORDERDETAIL
-- ----------------------------
DROP TABLE "SCOTT"."ORDERDETAIL";
CREATE TABLE "SCOTT"."ORDERDETAIL" (
  "DID" NUMBER NOT NULL,
  "OID" NUMBER NOT NULL,
  "PID" NUMBER NOT NULL,
  "NUM" NUMBER NOT NULL,
  "COST" NUMBER
)
LOGGING
NOCOMPRESS
PCTFREE 10
INITRANS 1
STORAGE (
  INITIAL 65536 
  NEXT 1048576 
  MINEXTENTS 1
  MAXEXTENTS 2147483645
  BUFFER_POOL DEFAULT
)
PARALLEL 1
NOCACHE
DISABLE ROW MOVEMENT
;

-- ----------------------------
-- Records of ORDERDETAIL
-- ----------------------------
INSERT INTO "SCOTT"."ORDERDETAIL" VALUES ('1', '1', '2', '5', '2020');
INSERT INTO "SCOTT"."ORDERDETAIL" VALUES ('2', '1', '1', '6', '3030');
INSERT INTO "SCOTT"."ORDERDETAIL" VALUES ('3', '2', '3', '1', '600');
INSERT INTO "SCOTT"."ORDERDETAIL" VALUES ('4', '3', '3', '2', '1200');
INSERT INTO "SCOTT"."ORDERDETAIL" VALUES ('5', '4', '4', '3', '900');
INSERT INTO "SCOTT"."ORDERDETAIL" VALUES ('6', '5', '1', '9', '4455');
INSERT INTO "SCOTT"."ORDERDETAIL" VALUES ('7', '6', '2', '4', '2755');
INSERT INTO "SCOTT"."ORDERDETAIL" VALUES ('8', '2', '4', '6', '1558');
INSERT INTO "SCOTT"."ORDERDETAIL" VALUES ('9', '3', '4', '7', '4572');
INSERT INTO "SCOTT"."ORDERDETAIL" VALUES ('10', '2', '3', '5', '7810');

-- ----------------------------
-- Table structure for ORDERS
-- ----------------------------
DROP TABLE "SCOTT"."ORDERS";
CREATE TABLE "SCOTT"."ORDERS" (
  "OID" NUMBER(2,0) NOT NULL,
  "USERID" NUMBER(2,0) NOT NULL,
  "ADDRESS" VARCHAR2(10 BYTE) NOT NULL,
  "STATUS" CHAR(1 BYTE) NOT NULL,
  "TIME" DATE
)
LOGGING
NOCOMPRESS
PCTFREE 10
INITRANS 1
STORAGE (
  INITIAL 65536 
  NEXT 1048576 
  MINEXTENTS 1
  MAXEXTENTS 2147483645
  BUFFER_POOL DEFAULT
)
PARALLEL 1
NOCACHE
DISABLE ROW MOVEMENT
;

-- ----------------------------
-- Records of ORDERS
-- ----------------------------
INSERT INTO "SCOTT"."ORDERS" VALUES ('1', '1', 'CN', 'T', TO_DATE('2022-05-12 11:00:00', 'SYYYY-MM-DD HH24:MI:SS'));
INSERT INTO "SCOTT"."ORDERS" VALUES ('2', '2', 'JP', 'T', TO_DATE('2022-01-01 11:00:00', 'SYYYY-MM-DD HH24:MI:SS'));
INSERT INTO "SCOTT"."ORDERS" VALUES ('3', '3', 'HK', 'F', TO_DATE('2021-11-11 23:00:00', 'SYYYY-MM-DD HH24:MI:SS'));
INSERT INTO "SCOTT"."ORDERS" VALUES ('4', '1', 'CN', 'T', TO_DATE('2021-06-18 15:00:00', 'SYYYY-MM-DD HH24:MI:SS'));
INSERT INTO "SCOTT"."ORDERS" VALUES ('5', '4', 'TW', 'F', TO_DATE('2022-04-12 19:00:00', 'SYYYY-MM-DD HH24:MI:SS'));
INSERT INTO "SCOTT"."ORDERS" VALUES ('6', '2', 'JP', 'T', TO_DATE('2020-03-15 20:00:00', 'SYYYY-MM-DD HH24:MI:SS'));

-- ----------------------------
-- Table structure for PRODUCT
-- ----------------------------
DROP TABLE "SCOTT"."PRODUCT";
CREATE TABLE "SCOTT"."PRODUCT" (
  "PID" NUMBER(2,0) NOT NULL,
  "PNAME" VARCHAR2(10 BYTE) NOT NULL,
  "PRICE" NUMBER(10,0),
  "RESERVE" NUMBER(10,0),
  "INTRODUCE" VARCHAR2(10 BYTE),
  "IMAGE" VARCHAR2(10 BYTE)
)
LOGGING
NOCOMPRESS
PCTFREE 10
INITRANS 1
STORAGE (
  INITIAL 65536 
  NEXT 1048576 
  MINEXTENTS 1
  MAXEXTENTS 2147483645
  BUFFER_POOL DEFAULT
)
PARALLEL 1
NOCACHE
DISABLE ROW MOVEMENT
;

-- ----------------------------
-- Records of PRODUCT
-- ----------------------------
INSERT INTO "SCOTT"."PRODUCT" VALUES ('1', 'IPAD', '500', '100', '******', '01');
INSERT INTO "SCOTT"."PRODUCT" VALUES ('2', 'SAMSUNG', '300', '200', '******', '02');
INSERT INTO "SCOTT"."PRODUCT" VALUES ('3', 'MAC', '400', '500', '*******', '03');
INSERT INTO "SCOTT"."PRODUCT" VALUES ('4', 'PIXLE', '600', '600', '*******', '04');

-- ----------------------------
-- Table structure for SALGRADE
-- ----------------------------
DROP TABLE "SCOTT"."SALGRADE";
CREATE TABLE "SCOTT"."SALGRADE" (
  "GRADE" NUMBER,
  "LOSAL" NUMBER,
  "HISAL" NUMBER
)
LOGGING
NOCOMPRESS
PCTFREE 10
INITRANS 1
STORAGE (
  INITIAL 65536 
  NEXT 1048576 
  MINEXTENTS 1
  MAXEXTENTS 2147483645
  BUFFER_POOL DEFAULT
)
PARALLEL 1
NOCACHE
DISABLE ROW MOVEMENT
;

-- ----------------------------
-- Records of SALGRADE
-- ----------------------------
INSERT INTO "SCOTT"."SALGRADE" VALUES ('1', '700', '1200');
INSERT INTO "SCOTT"."SALGRADE" VALUES ('2', '1201', '1400');
INSERT INTO "SCOTT"."SALGRADE" VALUES ('3', '1401', '2000');
INSERT INTO "SCOTT"."SALGRADE" VALUES ('4', '2001', '3000');
INSERT INTO "SCOTT"."SALGRADE" VALUES ('5', '3001', '9999');

-- ----------------------------
-- Table structure for SC
-- ----------------------------
DROP TABLE "SCOTT"."SC";
CREATE TABLE "SCOTT"."SC" (
  "SNO" NUMBER,
  "CNO" NUMBER,
  "GRADE" NUMBER
)
LOGGING
NOCOMPRESS
PCTFREE 10
INITRANS 1
STORAGE (
  INITIAL 65536 
  NEXT 1048576 
  MINEXTENTS 1
  MAXEXTENTS 2147483645
  BUFFER_POOL DEFAULT
)
PARALLEL 1
NOCACHE
DISABLE ROW MOVEMENT
;

-- ----------------------------
-- Records of SC
-- ----------------------------
INSERT INTO "SCOTT"."SC" VALUES ('1', '4', '100');
INSERT INTO "SCOTT"."SC" VALUES ('2', '3', '90');
INSERT INTO "SCOTT"."SC" VALUES ('3', '2', '80');
INSERT INTO "SCOTT"."SC" VALUES ('4', '1', '70');
INSERT INTO "SCOTT"."SC" VALUES ('4', '2', '60');

-- ----------------------------
-- Table structure for SQLINJECT
-- ----------------------------
DROP TABLE "SCOTT"."SQLINJECT";
CREATE TABLE "SCOTT"."SQLINJECT" (
  "ID" RAW(16) NOT NULL,
  "Payload" VARCHAR2(50 BYTE)
)
LOGGING
NOCOMPRESS
PCTFREE 10
INITRANS 1
STORAGE (
  INITIAL 65536 
  NEXT 1048576 
  MINEXTENTS 1
  MAXEXTENTS 2147483645
  BUFFER_POOL DEFAULT
)
PARALLEL 1
NOCACHE
DISABLE ROW MOVEMENT
;

-- ----------------------------
-- Records of SQLINJECT
-- ----------------------------
INSERT INTO "SCOTT"."SQLINJECT" VALUES (HEXTORAW('36D23672EE3A447D99573E5A07A9B7BF'), '''+or+''1''=''1');
INSERT INTO "SCOTT"."SQLINJECT" VALUES (HEXTORAW('EFBBBF31'), 'id=-1''');
INSERT INTO "SCOTT"."SQLINJECT" VALUES (HEXTORAW('32'), 'Admin''or 1=1 #');

-- ----------------------------
-- Table structure for STUDENTS
-- ----------------------------
DROP TABLE "SCOTT"."STUDENTS";
CREATE TABLE "SCOTT"."STUDENTS" (
  "SNO" NUMBER NOT NULL,
  "SNAME" VARCHAR2(30 BYTE),
  "SSEX" VARCHAR2(2 BYTE),
  "SAGE" NUMBER
)
LOGGING
NOCOMPRESS
PCTFREE 10
INITRANS 1
STORAGE (
  INITIAL 65536 
  NEXT 1048576 
  MINEXTENTS 1
  MAXEXTENTS 2147483645
  BUFFER_POOL DEFAULT
)
PARALLEL 1
NOCACHE
DISABLE ROW MOVEMENT
;

-- ----------------------------
-- Records of STUDENTS
-- ----------------------------
INSERT INTO "SCOTT"."STUDENTS" VALUES ('5', 'kk', 'W', '20');
INSERT INTO "SCOTT"."STUDENTS" VALUES ('1', 'TIM', 'M', '21');
INSERT INTO "SCOTT"."STUDENTS" VALUES ('2', 'ASK', 'W', '18');
INSERT INTO "SCOTT"."STUDENTS" VALUES ('3', 'TOM', 'M', '22');
INSERT INTO "SCOTT"."STUDENTS" VALUES ('4', 'AMY', 'W', '23');

-- ----------------------------
-- Table structure for URL
-- ----------------------------
DROP TABLE "SCOTT"."URL";
CREATE TABLE "SCOTT"."URL" (
  "ID" RAW(16) NOT NULL,
  "URL" VARCHAR2(500 BYTE) NOT NULL,
  "SQL" CHAR(1 BYTE) NOT NULL,
  "USERID" RAW(16) NOT NULL,
  "XSS" CHAR(1 BYTE) NOT NULL
)
LOGGING
NOCOMPRESS
PCTFREE 10
INITRANS 1
STORAGE (
  INITIAL 65536 
  NEXT 1048576 
  MINEXTENTS 1
  MAXEXTENTS 2147483645
  BUFFER_POOL DEFAULT
)
PARALLEL 1
NOCACHE
DISABLE ROW MOVEMENT
;

-- ----------------------------
-- Records of URL
-- ----------------------------
INSERT INTO "SCOTT"."URL" VALUES (HEXTORAW('0ABBAD1E24604454B197391D9B92B091'), 'http://test/#fm_imagemap', '0', HEXTORAW('31'), '0');
INSERT INTO "SCOTT"."URL" VALUES (HEXTORAW('ED68A371D6904CAD9997A96A37CB338F'), 'http://test/sql-connections/setup-db.php', '0', HEXTORAW('31'), '0');
INSERT INTO "SCOTT"."URL" VALUES (HEXTORAW('6846D080E3A74E46BED2A3BE3F3DD0AD'), 'http://test/index-1.html', '0', HEXTORAW('31'), '0');
INSERT INTO "SCOTT"."URL" VALUES (HEXTORAW('827FF91A11B440699BE5E7269C22CE0C'), 'http://test/index-2.html', '0', HEXTORAW('31'), '0');
INSERT INTO "SCOTT"."URL" VALUES (HEXTORAW('A8FD5D8A3CDF492ABEE8953F1548CF38'), 'http://test/index-3.html', '0', HEXTORAW('31'), '0');
INSERT INTO "SCOTT"."URL" VALUES (HEXTORAW('3FA8797028584A6086B6DCBC770E25CB'), 'http://test/index.html_files/image.png', '0', HEXTORAW('31'), '0');
INSERT INTO "SCOTT"."URL" VALUES (HEXTORAW('DC9AED0FFBA94909AB57BC88A4CEB2E2'), 'http://test/#fm_main', '0', HEXTORAW('31'), '0');
INSERT INTO "SCOTT"."URL" VALUES (HEXTORAW('5F0CC98A126846C5A9C35BB830F46886'), 'http://test/Less-2', '0', HEXTORAW('31'), '0');
INSERT INTO "SCOTT"."URL" VALUES (HEXTORAW('DE55EF44DA164B18A00F07CC9BE86E94'), 'http://test/Less-2', '0', HEXTORAW('31'), '0');
INSERT INTO "SCOTT"."URL" VALUES (HEXTORAW('A032A39139C64F1E8954E6E49F1A9713'), 'http://test/Less-4', '0', HEXTORAW('31'), '0');
INSERT INTO "SCOTT"."URL" VALUES (HEXTORAW('7AFE2714BCB44776A471ECA88A9B50B4'), 'http://test/Less-4', '0', HEXTORAW('31'), '0');
INSERT INTO "SCOTT"."URL" VALUES (HEXTORAW('0E7812BC84DB4CB7BF809C8C1E4994F6'), 'http://test/Less-1', '0', HEXTORAW('31'), '0');
INSERT INTO "SCOTT"."URL" VALUES (HEXTORAW('A872D6AA23B043E3B5AA63940F094E7B'), 'http://test/Less-1', '0', HEXTORAW('31'), '0');
INSERT INTO "SCOTT"."URL" VALUES (HEXTORAW('9CD3A5175C2341BDBB662AC2261EED29'), 'http://test/Less-3', '0', HEXTORAW('31'), '0');
INSERT INTO "SCOTT"."URL" VALUES (HEXTORAW('36F053590C244395A9CEE2E62622E1CB'), 'http://test/Less-3', '0', HEXTORAW('31'), '0');
INSERT INTO "SCOTT"."URL" VALUES (HEXTORAW('58DA1176DA6D424B8C2A8E16B5F3C344'), 'http://test/Less-6', '0', HEXTORAW('31'), '0');
INSERT INTO "SCOTT"."URL" VALUES (HEXTORAW('F1B1482B6542474A9630BFA26D1BE21B'), 'http://test/Less-6', '0', HEXTORAW('31'), '0');
INSERT INTO "SCOTT"."URL" VALUES (HEXTORAW('7A68D899CC4344B6A6943B31FBB9E0F6'), 'http://test/Less-5', '0', HEXTORAW('31'), '0');
INSERT INTO "SCOTT"."URL" VALUES (HEXTORAW('FD8CBC63BFCE44D2AB9AE4D1B8AEDE5D'), 'http://test/Less-5', '0', HEXTORAW('31'), '0');
INSERT INTO "SCOTT"."URL" VALUES (HEXTORAW('C9D47EA9D4784FF0B0FEAB2480365370'), 'http://test/Less-8', '0', HEXTORAW('31'), '0');
INSERT INTO "SCOTT"."URL" VALUES (HEXTORAW('251076A9DA714369BCF064E3EF4CC144'), 'http://test/Less-8', '0', HEXTORAW('31'), '0');
INSERT INTO "SCOTT"."URL" VALUES (HEXTORAW('AE66A9A97BA443E0A08E4E27CAF4DAD2'), 'http://test/Less-7', '0', HEXTORAW('31'), '0');
INSERT INTO "SCOTT"."URL" VALUES (HEXTORAW('7436328240BC43179DB5810665ECD62B'), 'http://test/Less-7', '0', HEXTORAW('31'), '0');
INSERT INTO "SCOTT"."URL" VALUES (HEXTORAW('15D9947A8EF24EAEAC7A9F622D7484D0'), 'http://test/Less-10', '0', HEXTORAW('31'), '0');
INSERT INTO "SCOTT"."URL" VALUES (HEXTORAW('5E8EA0EFE07644088C61E2CF98B6EDBF'), 'http://test/Less-10', '0', HEXTORAW('31'), '0');
INSERT INTO "SCOTT"."URL" VALUES (HEXTORAW('C4D3C01F0C8C48188479943CCEF5E15B'), 'http://test/Less-9', '0', HEXTORAW('31'), '0');
INSERT INTO "SCOTT"."URL" VALUES (HEXTORAW('D09A722F33774B7F88E9F0466EB95701'), 'http://test/Less-9', '0', HEXTORAW('31'), '0');
INSERT INTO "SCOTT"."URL" VALUES (HEXTORAW('B7BE9F10031E48DEA8415F794054C30F'), 'http://test/Less-12', '0', HEXTORAW('31'), '0');
INSERT INTO "SCOTT"."URL" VALUES (HEXTORAW('C88959D70B024165980CC9CCACB4BFEB'), 'http://test/Less-12', '0', HEXTORAW('31'), '0');
INSERT INTO "SCOTT"."URL" VALUES (HEXTORAW('A626B05F42084A0C8960D9D0748CAE93'), 'http://test/Less-11', '0', HEXTORAW('31'), '0');
INSERT INTO "SCOTT"."URL" VALUES (HEXTORAW('85F78C59EDFA49D8AD603FB27BF3AF2A'), 'http://test/Less-11', '0', HEXTORAW('31'), '0');
INSERT INTO "SCOTT"."URL" VALUES (HEXTORAW('F685FF464225455B93A4A6EE501C8A13'), 'http://test/Less-14', '0', HEXTORAW('31'), '0');
INSERT INTO "SCOTT"."URL" VALUES (HEXTORAW('DCDE78E5C4194ECBBBEDA81C577404DC'), 'http://test/Less-14', '0', HEXTORAW('31'), '0');
INSERT INTO "SCOTT"."URL" VALUES (HEXTORAW('EA0AF355176B4ECFAA9342326473CCED'), 'http://test/Less-13', '0', HEXTORAW('31'), '0');
INSERT INTO "SCOTT"."URL" VALUES (HEXTORAW('738B3ABBB0CA4A2F93D2E9763A98E598'), 'http://test/Less-13', '0', HEXTORAW('31'), '0');
INSERT INTO "SCOTT"."URL" VALUES (HEXTORAW('1039F026C5574DF09B7B4BE2C064F4C4'), 'http://test/Less-16', '0', HEXTORAW('31'), '0');
INSERT INTO "SCOTT"."URL" VALUES (HEXTORAW('24A84674FFD547FA8AE8DF1EA4A61CF0'), 'http://test/Less-16', '0', HEXTORAW('31'), '0');
INSERT INTO "SCOTT"."URL" VALUES (HEXTORAW('63C98718D31B42D5B92C02E125FDB0B6'), 'http://test/Less-15', '0', HEXTORAW('31'), '0');
INSERT INTO "SCOTT"."URL" VALUES (HEXTORAW('1E0ECD90A2E74F94893F1932352CC788'), 'http://test/Less-15', '0', HEXTORAW('31'), '0');
INSERT INTO "SCOTT"."URL" VALUES (HEXTORAW('00BF2DEC5D114AADB50F717FD06DECE6'), 'http://test/Less-18', '0', HEXTORAW('31'), '0');
INSERT INTO "SCOTT"."URL" VALUES (HEXTORAW('F20355D57B4844FA8AE5231D8429A8FE'), 'http://test/Less-18', '0', HEXTORAW('31'), '0');
INSERT INTO "SCOTT"."URL" VALUES (HEXTORAW('BD4927F4798F444BBEB88A57F99182C8'), 'http://test/Less-17', '0', HEXTORAW('31'), '0');
INSERT INTO "SCOTT"."URL" VALUES (HEXTORAW('C5372F50B78549FAB442B4EAA6FA2BE9'), 'http://test/Less-17', '0', HEXTORAW('31'), '0');
INSERT INTO "SCOTT"."URL" VALUES (HEXTORAW('9ED69A0B69FC469F950E1B1E35F49645'), 'http://test/Less-20', '0', HEXTORAW('31'), '0');
INSERT INTO "SCOTT"."URL" VALUES (HEXTORAW('5559DE5A7EC34448A1A8DE22817E5B09'), 'http://test/Less-20', '0', HEXTORAW('31'), '0');
INSERT INTO "SCOTT"."URL" VALUES (HEXTORAW('0E27AD3B545740D38922CAB250D57592'), 'http://test/Less-19', '0', HEXTORAW('31'), '0');
INSERT INTO "SCOTT"."URL" VALUES (HEXTORAW('A24C13C0D6E742FE9E59019AF1C0EC21'), 'http://test/Less-19', '0', HEXTORAW('31'), '0');
INSERT INTO "SCOTT"."URL" VALUES (HEXTORAW('CE17E837C2F44D06B958BCE772EFA465'), 'http://test/#FMID_675480068FM', '0', HEXTORAW('31'), '0');
INSERT INTO "SCOTT"."URL" VALUES (HEXTORAW('59175DF0357C48E697C44B2C262E7824'), 'http://test/#FMID_471107631FM', '0', HEXTORAW('31'), '0');
INSERT INTO "SCOTT"."URL" VALUES (HEXTORAW('8D147A4F8C8F4C7195BAA4A6EEB60C5A'), 'http://test/#FMID_38136745FM', '0', HEXTORAW('31'), '0');
INSERT INTO "SCOTT"."URL" VALUES (HEXTORAW('D3B7898F6CBF4BA1BDDF0B4069D248A7'), 'http://test/#FMID_58695417FM', '0', HEXTORAW('31'), '0');
INSERT INTO "SCOTT"."URL" VALUES (HEXTORAW('7A93C8713C6F4625871134A972D37F17'), 'http://test/Less-1/', '1', HEXTORAW('31'), '0');
INSERT INTO "SCOTT"."URL" VALUES (HEXTORAW('DE73ABB593F0462E99F292B8DD9EFB19'), 'http://test/index.html_files/freemind2html.css', '0', HEXTORAW('31'), '0');
INSERT INTO "SCOTT"."URL" VALUES (HEXTORAW('986D8610C4DD49A7B291BAC563DC2F3F'), 'http://test/#fm_imagemap', '0', HEXTORAW('31'), '0');
INSERT INTO "SCOTT"."URL" VALUES (HEXTORAW('303CD54AD4934E219353E74247559D14'), 'http://test/sql-connections/setup-db.php', '0', HEXTORAW('31'), '0');
INSERT INTO "SCOTT"."URL" VALUES (HEXTORAW('E4E4F50143EA4B449C4257DC2A82B615'), 'http://test/index-1.html', '0', HEXTORAW('31'), '0');
INSERT INTO "SCOTT"."URL" VALUES (HEXTORAW('2C1343CEAF1849FFAD6091DC37A01413'), 'http://test/index-2.html', '0', HEXTORAW('31'), '0');
INSERT INTO "SCOTT"."URL" VALUES (HEXTORAW('8E13388C8FD342B58BDB6DE7927D292D'), 'http://test/index-3.html', '0', HEXTORAW('31'), '0');
INSERT INTO "SCOTT"."URL" VALUES (HEXTORAW('8AA577D709DC45938DE09E3EE4CD4266'), 'http://test/index.html_files/image.png', '0', HEXTORAW('31'), '0');
INSERT INTO "SCOTT"."URL" VALUES (HEXTORAW('CA477B72EE5C45BF8A7B49DDBA867199'), 'http://test/#fm_main', '0', HEXTORAW('31'), '0');
INSERT INTO "SCOTT"."URL" VALUES (HEXTORAW('E2B37E42C9024651B66CE1B236E28031'), 'http://test/Less-2', '0', HEXTORAW('31'), '0');
INSERT INTO "SCOTT"."URL" VALUES (HEXTORAW('3CFE94E24D384A19A76E3E0496B75FA8'), 'http://test/Less-2', '0', HEXTORAW('31'), '0');
INSERT INTO "SCOTT"."URL" VALUES (HEXTORAW('17F248FB79FE42FF9CE6F0AED1266B30'), 'http://test/Less-4', '0', HEXTORAW('31'), '0');
INSERT INTO "SCOTT"."URL" VALUES (HEXTORAW('62E2881B5BE74135824BECBACB7FB12A'), 'http://test/Less-4', '0', HEXTORAW('31'), '0');
INSERT INTO "SCOTT"."URL" VALUES (HEXTORAW('B0901A92597C40E9AB9B5CF0DE519EA6'), 'http://test/Less-1', '0', HEXTORAW('31'), '0');
INSERT INTO "SCOTT"."URL" VALUES (HEXTORAW('E21A53DF56F5414BB49F663CE0AA5C1F'), 'http://test/Less-1', '0', HEXTORAW('31'), '0');
INSERT INTO "SCOTT"."URL" VALUES (HEXTORAW('D04CAE595CE6451C8597334095F902F2'), 'http://test/Less-3', '0', HEXTORAW('31'), '0');
INSERT INTO "SCOTT"."URL" VALUES (HEXTORAW('9D77033CDB624C64AFA0230CED174004'), 'http://test/Less-3', '0', HEXTORAW('31'), '0');
INSERT INTO "SCOTT"."URL" VALUES (HEXTORAW('862ADBF3ACFD48099E250700FF63E5C1'), 'http://test/Less-6', '0', HEXTORAW('31'), '0');
INSERT INTO "SCOTT"."URL" VALUES (HEXTORAW('541A2B8C9676443698A4FD25A25EC511'), 'http://test/Less-6', '0', HEXTORAW('31'), '0');
INSERT INTO "SCOTT"."URL" VALUES (HEXTORAW('717BEC450416425CAE01D41CDD84AC08'), 'http://test/Less-5', '0', HEXTORAW('31'), '0');
INSERT INTO "SCOTT"."URL" VALUES (HEXTORAW('33ED1594FF924AFEA2760D8A0A45F8DC'), 'http://test/Less-5', '0', HEXTORAW('31'), '0');
INSERT INTO "SCOTT"."URL" VALUES (HEXTORAW('7F4DB937332740F2B10E9843D5978F27'), 'http://test/Less-8', '0', HEXTORAW('31'), '0');
INSERT INTO "SCOTT"."URL" VALUES (HEXTORAW('0812F1221D43463A858813D017B4CF5B'), 'http://test/Less-8', '0', HEXTORAW('31'), '0');
INSERT INTO "SCOTT"."URL" VALUES (HEXTORAW('F0B22FECB22148D99111D5254D96E994'), 'http://test/Less-7', '0', HEXTORAW('31'), '0');
INSERT INTO "SCOTT"."URL" VALUES (HEXTORAW('18C1FE561F304E34A9F4292D9B0CE52B'), 'http://test/Less-7', '0', HEXTORAW('31'), '0');
INSERT INTO "SCOTT"."URL" VALUES (HEXTORAW('C8D1FC149FC1477D8AFBA100BE433392'), 'http://test/Less-10', '0', HEXTORAW('31'), '0');
INSERT INTO "SCOTT"."URL" VALUES (HEXTORAW('455E7C29EDB74BB9AC1735A67FA73610'), 'http://test/Less-10', '0', HEXTORAW('31'), '0');
INSERT INTO "SCOTT"."URL" VALUES (HEXTORAW('0F0836507ADB41A0A5B2339B037353D4'), 'http://test/Less-9', '0', HEXTORAW('31'), '0');
INSERT INTO "SCOTT"."URL" VALUES (HEXTORAW('C6683E58155B4ACD8FD3840E8280C21F'), 'http://test/Less-9', '0', HEXTORAW('31'), '0');
INSERT INTO "SCOTT"."URL" VALUES (HEXTORAW('F587DFB9EA374FDD800AA6C3A456EB05'), 'http://test/Less-12', '0', HEXTORAW('31'), '0');
INSERT INTO "SCOTT"."URL" VALUES (HEXTORAW('F66E2C97AAF448989BC91BDF42395D88'), 'http://test/Less-12', '0', HEXTORAW('31'), '0');
INSERT INTO "SCOTT"."URL" VALUES (HEXTORAW('904ABA984188454BA169BDDB7369AC4F'), 'http://test/Less-11', '0', HEXTORAW('31'), '0');
INSERT INTO "SCOTT"."URL" VALUES (HEXTORAW('2A3B46FCDA93408A9A2E6A74464BFCCF'), 'http://test/Less-11', '0', HEXTORAW('31'), '0');
INSERT INTO "SCOTT"."URL" VALUES (HEXTORAW('DA3AA61301C34AA89293DFA97EA09FC5'), 'http://test/Less-14', '0', HEXTORAW('31'), '0');
INSERT INTO "SCOTT"."URL" VALUES (HEXTORAW('50723C50B4E54EE0A4A14D42728EC18C'), 'http://test/Less-14', '0', HEXTORAW('31'), '0');
INSERT INTO "SCOTT"."URL" VALUES (HEXTORAW('6A752492D6804183B071CF13E226FF69'), 'http://test/Less-13', '0', HEXTORAW('31'), '0');
INSERT INTO "SCOTT"."URL" VALUES (HEXTORAW('1202DD10E3CE4063AADFBF95DB08E4B9'), 'http://test/Less-13', '0', HEXTORAW('31'), '0');
INSERT INTO "SCOTT"."URL" VALUES (HEXTORAW('65CC87EBD29A4110946149685CF2BE47'), 'http://test/Less-16', '0', HEXTORAW('31'), '0');
INSERT INTO "SCOTT"."URL" VALUES (HEXTORAW('C147156D272C4A5C959C86AD9D4421E6'), 'http://test/Less-16', '0', HEXTORAW('31'), '0');
INSERT INTO "SCOTT"."URL" VALUES (HEXTORAW('CF8318CB8E99404D8C11A5C12DF0C6FF'), 'http://test/Less-15', '0', HEXTORAW('31'), '0');
INSERT INTO "SCOTT"."URL" VALUES (HEXTORAW('D82B013C67D8495895B13EAFFD14BB7E'), 'http://test/Less-15', '0', HEXTORAW('31'), '0');
INSERT INTO "SCOTT"."URL" VALUES (HEXTORAW('D3F06C3EE9EF426096224F66F7E5080B'), 'http://test/Less-18', '0', HEXTORAW('31'), '0');
INSERT INTO "SCOTT"."URL" VALUES (HEXTORAW('77E758FA4A3948C28156B24AD9A9CD86'), 'http://test/Less-18', '0', HEXTORAW('31'), '0');
INSERT INTO "SCOTT"."URL" VALUES (HEXTORAW('A15A5492A3DE4BE5B97E0AE8C971D236'), 'http://test/Less-17', '0', HEXTORAW('31'), '0');
INSERT INTO "SCOTT"."URL" VALUES (HEXTORAW('4CF80CB165904982A4C1CBD468A4E71E'), 'http://test/Less-17', '0', HEXTORAW('31'), '0');
INSERT INTO "SCOTT"."URL" VALUES (HEXTORAW('52D1332C51C84053BED32FED1241DD2D'), 'http://test/Less-20', '0', HEXTORAW('31'), '0');
INSERT INTO "SCOTT"."URL" VALUES (HEXTORAW('A6BC36B170E24970B0DB32E690AFA336'), 'http://test/Less-20', '0', HEXTORAW('31'), '0');
INSERT INTO "SCOTT"."URL" VALUES (HEXTORAW('93A339BA11C94B17BF97ECD85A6FABA3'), 'http://test/Less-19', '0', HEXTORAW('31'), '0');
INSERT INTO "SCOTT"."URL" VALUES (HEXTORAW('1F923E11E58644B1A3384C9A1D054A3B'), 'http://test/Less-19', '0', HEXTORAW('31'), '0');
INSERT INTO "SCOTT"."URL" VALUES (HEXTORAW('DE65FA55CA534BF185449E87292C2998'), 'http://test/#FMID_675480068FM', '0', HEXTORAW('31'), '0');
INSERT INTO "SCOTT"."URL" VALUES (HEXTORAW('A1C6A9201CC14393A35D181E00E4839F'), 'http://test/#FMID_471107631FM', '0', HEXTORAW('31'), '0');
INSERT INTO "SCOTT"."URL" VALUES (HEXTORAW('F82C570BF7AA41E487C09ACBF008C513'), 'http://test/#FMID_38136745FM', '0', HEXTORAW('31'), '0');
INSERT INTO "SCOTT"."URL" VALUES (HEXTORAW('E8633FF4F9D241078EA5CF23AF28ABA4'), 'http://test/#FMID_58695417FM', '0', HEXTORAW('31'), '0');
INSERT INTO "SCOTT"."URL" VALUES (HEXTORAW('2A627F430CE540618C4892B048F3A48D'), 'http://test/basicxss/', '0', HEXTORAW('31'), '1');

-- ----------------------------
-- Table structure for USERS
-- ----------------------------
DROP TABLE "SCOTT"."USERS";
CREATE TABLE "SCOTT"."USERS" (
  "USERID" NUMBER(2,0) NOT NULL,
  "USERNAME" VARCHAR2(10 BYTE) NOT NULL,
  "PASSWD" VARCHAR2(10 BYTE) NOT NULL
)
LOGGING
NOCOMPRESS
PCTFREE 10
INITRANS 1
STORAGE (
  INITIAL 65536 
  NEXT 1048576 
  MINEXTENTS 1
  MAXEXTENTS 2147483645
  BUFFER_POOL DEFAULT
)
PARALLEL 1
NOCACHE
DISABLE ROW MOVEMENT
;

-- ----------------------------
-- Records of USERS
-- ----------------------------
INSERT INTO "SCOTT"."USERS" VALUES ('5', 'ASUKA', '75757');
INSERT INTO "SCOTT"."USERS" VALUES ('6', 'WWW', '86868');
INSERT INTO "SCOTT"."USERS" VALUES ('7', 'KK', '77542');
INSERT INTO "SCOTT"."USERS" VALUES ('4', 'AMY', '864345');
INSERT INTO "SCOTT"."USERS" VALUES ('3', 'TOM', '523467');
INSERT INTO "SCOTT"."USERS" VALUES ('2', 'ASK', '234567');
INSERT INTO "SCOTT"."USERS" VALUES ('1', 'test', '123456');

-- ----------------------------
-- View structure for A
-- ----------------------------
CREATE OR REPLACE VIEW "SCOTT"."A" AS select students.sno,sname,sage,cno from students,sc where students.sno=sc.sno;

-- ----------------------------
-- View structure for B
-- ----------------------------
CREATE OR REPLACE VIEW "SCOTT"."B" AS select sc.sno,sname,sage,cname from students,sc,courses where courses.cno=sc.cno;

-- ----------------------------
-- View structure for C
-- ----------------------------
CREATE OR REPLACE VIEW "SCOTT"."C" AS SELECT
sname
FROM
	students
WHERE
NOT EXISTS (
		SELECT
			*
		FROM
			sc
		WHERE
           students.sno = sc.sno);

-- ----------------------------
-- View structure for D
-- ----------------------------
CREATE OR REPLACE VIEW "SCOTT"."D" AS select students."SNO",students."SNAME",students."SSEX",students."SAGE"from students,sc where students.sno=sc.sno and cno=1;

-- ----------------------------
-- View structure for E
-- ----------------------------
CREATE OR REPLACE VIEW "SCOTT"."E" AS select students."SNO",students."SNAME",students."SSEX",students."SAGE" from students,sc,courses
where students.sno=sc.sno
and sc.cno=courses.cno
and courses.cname='c#';

-- ----------------------------
-- Primary Key structure for table CART
-- ----------------------------
ALTER TABLE "SCOTT"."CART" ADD CONSTRAINT "SYS_C0011115" PRIMARY KEY ("CID");

-- ----------------------------
-- Checks structure for table CART
-- ----------------------------
ALTER TABLE "SCOTT"."CART" ADD CONSTRAINT "SYS_C0011112" CHECK ("CID" IS NOT NULL) NOT DEFERRABLE INITIALLY IMMEDIATE NORELY VALIDATE;
ALTER TABLE "SCOTT"."CART" ADD CONSTRAINT "SYS_C0011113" CHECK ("USERID" IS NOT NULL) NOT DEFERRABLE INITIALLY IMMEDIATE NORELY VALIDATE;
ALTER TABLE "SCOTT"."CART" ADD CONSTRAINT "SYS_C0011114" CHECK ("PID" IS NOT NULL) NOT DEFERRABLE INITIALLY IMMEDIATE NORELY VALIDATE;

-- ----------------------------
-- Primary Key structure for table COURSES
-- ----------------------------
ALTER TABLE "SCOTT"."COURSES" ADD CONSTRAINT "SYS_C0011137" PRIMARY KEY ("CNO");

-- ----------------------------
-- Uniques structure for table COURSES
-- ----------------------------
ALTER TABLE "SCOTT"."COURSES" ADD CONSTRAINT "SYS_C0011138" UNIQUE ("CNAME") NOT DEFERRABLE INITIALLY IMMEDIATE NORELY VALIDATE;

-- ----------------------------
-- Primary Key structure for table DEPT
-- ----------------------------
ALTER TABLE "SCOTT"."DEPT" ADD CONSTRAINT "PK_DEPT" PRIMARY KEY ("DEPTNO");

-- ----------------------------
-- Primary Key structure for table EMP
-- ----------------------------
ALTER TABLE "SCOTT"."EMP" ADD CONSTRAINT "PK_EMP" PRIMARY KEY ("EMPNO");

-- ----------------------------
-- Primary Key structure for table MUSER
-- ----------------------------
ALTER TABLE "SCOTT"."MUSER" ADD CONSTRAINT "USER_PK" PRIMARY KEY ("ID");

-- ----------------------------
-- Uniques structure for table MUSER
-- ----------------------------
ALTER TABLE "SCOTT"."MUSER" ADD CONSTRAINT "UN_UNIQUE" UNIQUE ("USERNAME") NOT DEFERRABLE INITIALLY IMMEDIATE NORELY VALIDATE;

-- ----------------------------
-- Checks structure for table MUSER
-- ----------------------------
ALTER TABLE "SCOTT"."MUSER" ADD CONSTRAINT "SYS_C0011199" CHECK ("ID" IS NOT NULL) NOT DEFERRABLE INITIALLY IMMEDIATE NORELY VALIDATE;
ALTER TABLE "SCOTT"."MUSER" ADD CONSTRAINT "SYS_C0011200" CHECK ("USERNAME" IS NOT NULL) NOT DEFERRABLE INITIALLY IMMEDIATE NORELY VALIDATE;
ALTER TABLE "SCOTT"."MUSER" ADD CONSTRAINT "SYS_C0011201" CHECK ("PASSWORD" IS NOT NULL) NOT DEFERRABLE INITIALLY IMMEDIATE NORELY VALIDATE;
ALTER TABLE "SCOTT"."MUSER" ADD CONSTRAINT "SYS_C0011202" CHECK ("NAME" IS NOT NULL) NOT DEFERRABLE INITIALLY IMMEDIATE NORELY VALIDATE;
ALTER TABLE "SCOTT"."MUSER" ADD CONSTRAINT "SYS_C0011203" CHECK ("SEX" IS NOT NULL) NOT DEFERRABLE INITIALLY IMMEDIATE NORELY VALIDATE;

-- ----------------------------
-- Primary Key structure for table MYSQLINJECT
-- ----------------------------
ALTER TABLE "SCOTT"."MYSQLINJECT" ADD CONSTRAINT "INJECT_PK" PRIMARY KEY ("ID");

-- ----------------------------
-- Checks structure for table MYSQLINJECT
-- ----------------------------
ALTER TABLE "SCOTT"."MYSQLINJECT" ADD CONSTRAINT "SYS_C0011192" CHECK ("ID" IS NOT NULL) NOT DEFERRABLE INITIALLY IMMEDIATE NORELY VALIDATE;

-- ----------------------------
-- Primary Key structure for table MYURL
-- ----------------------------
ALTER TABLE "SCOTT"."MYURL" ADD CONSTRAINT "URL_PK" PRIMARY KEY ("ID");

-- ----------------------------
-- Checks structure for table MYURL
-- ----------------------------
ALTER TABLE "SCOTT"."MYURL" ADD CONSTRAINT "SYS_C0011194" CHECK ("ID" IS NOT NULL) NOT DEFERRABLE INITIALLY IMMEDIATE NORELY VALIDATE;
ALTER TABLE "SCOTT"."MYURL" ADD CONSTRAINT "SYS_C0011195" CHECK ("URL" IS NOT NULL) NOT DEFERRABLE INITIALLY IMMEDIATE NORELY VALIDATE;
ALTER TABLE "SCOTT"."MYURL" ADD CONSTRAINT "SYS_C0011196" CHECK ("SQL" IS NOT NULL) NOT DEFERRABLE INITIALLY IMMEDIATE NORELY VALIDATE;
ALTER TABLE "SCOTT"."MYURL" ADD CONSTRAINT "SYS_C0011393" CHECK ("USERID" IS NOT NULL) NOT DEFERRABLE INITIALLY IMMEDIATE NORELY VALIDATE;

-- ----------------------------
-- Checks structure for table MYUSER
-- ----------------------------
ALTER TABLE "SCOTT"."MYUSER" ADD CONSTRAINT "SYS_C0011247" CHECK ("ID" IS NOT NULL) NOT DEFERRABLE INITIALLY IMMEDIATE NORELY VALIDATE;
ALTER TABLE "SCOTT"."MYUSER" ADD CONSTRAINT "SYS_C0011248" CHECK ("USERNAME" IS NOT NULL) NOT DEFERRABLE INITIALLY IMMEDIATE NORELY VALIDATE;
ALTER TABLE "SCOTT"."MYUSER" ADD CONSTRAINT "SYS_C0011249" CHECK ("PASSWORD" IS NOT NULL) NOT DEFERRABLE INITIALLY IMMEDIATE NORELY VALIDATE;
ALTER TABLE "SCOTT"."MYUSER" ADD CONSTRAINT "SYS_C0011250" CHECK ("NAME" IS NOT NULL) NOT DEFERRABLE INITIALLY IMMEDIATE NORELY VALIDATE;
ALTER TABLE "SCOTT"."MYUSER" ADD CONSTRAINT "SYS_C0011251" CHECK ("SEX" IS NOT NULL) NOT DEFERRABLE INITIALLY IMMEDIATE NORELY VALIDATE;
ALTER TABLE "SCOTT"."MYUSER" ADD CONSTRAINT "SYS_C0011252" CHECK ("STATUS" IS NOT NULL) NOT DEFERRABLE INITIALLY IMMEDIATE NORELY VALIDATE;

-- ----------------------------
-- Primary Key structure for table MYXSS
-- ----------------------------
ALTER TABLE "SCOTT"."MYXSS" ADD CONSTRAINT "XSS_PK" PRIMARY KEY ("ID");

-- ----------------------------
-- Checks structure for table MYXSS
-- ----------------------------
ALTER TABLE "SCOTT"."MYXSS" ADD CONSTRAINT "SYS_C0011207" CHECK ("ID" IS NOT NULL) NOT DEFERRABLE INITIALLY IMMEDIATE NORELY VALIDATE;

-- ----------------------------
-- Primary Key structure for table ORDERDETAIL
-- ----------------------------
ALTER TABLE "SCOTT"."ORDERDETAIL" ADD CONSTRAINT "SYS_C0011129" PRIMARY KEY ("DID");

-- ----------------------------
-- Checks structure for table ORDERDETAIL
-- ----------------------------
ALTER TABLE "SCOTT"."ORDERDETAIL" ADD CONSTRAINT "SYS_C0011125" CHECK ("DID" IS NOT NULL) NOT DEFERRABLE INITIALLY IMMEDIATE NORELY VALIDATE;
ALTER TABLE "SCOTT"."ORDERDETAIL" ADD CONSTRAINT "SYS_C0011126" CHECK ("OID" IS NOT NULL) NOT DEFERRABLE INITIALLY IMMEDIATE NORELY VALIDATE;
ALTER TABLE "SCOTT"."ORDERDETAIL" ADD CONSTRAINT "SYS_C0011127" CHECK ("PID" IS NOT NULL) NOT DEFERRABLE INITIALLY IMMEDIATE NORELY VALIDATE;
ALTER TABLE "SCOTT"."ORDERDETAIL" ADD CONSTRAINT "SYS_C0011128" CHECK ("NUM" IS NOT NULL) NOT DEFERRABLE INITIALLY IMMEDIATE NORELY VALIDATE;

-- ----------------------------
-- Primary Key structure for table ORDERS
-- ----------------------------
ALTER TABLE "SCOTT"."ORDERS" ADD CONSTRAINT "SYS_C0011110" PRIMARY KEY ("OID");

-- ----------------------------
-- Checks structure for table ORDERS
-- ----------------------------
ALTER TABLE "SCOTT"."ORDERS" ADD CONSTRAINT "SYS_C0011106" CHECK ("OID" IS NOT NULL) NOT DEFERRABLE INITIALLY IMMEDIATE NORELY VALIDATE;
ALTER TABLE "SCOTT"."ORDERS" ADD CONSTRAINT "SYS_C0011107" CHECK ("USERID" IS NOT NULL) NOT DEFERRABLE INITIALLY IMMEDIATE NORELY VALIDATE;
ALTER TABLE "SCOTT"."ORDERS" ADD CONSTRAINT "SYS_C0011108" CHECK ("ADDRESS" IS NOT NULL) NOT DEFERRABLE INITIALLY IMMEDIATE NORELY VALIDATE;
ALTER TABLE "SCOTT"."ORDERS" ADD CONSTRAINT "SYS_C0011109" CHECK ("STATUS" IS NOT NULL) NOT DEFERRABLE INITIALLY IMMEDIATE NORELY VALIDATE;

-- ----------------------------
-- Primary Key structure for table PRODUCT
-- ----------------------------
ALTER TABLE "SCOTT"."PRODUCT" ADD CONSTRAINT "SYS_C0011105" PRIMARY KEY ("PID");

-- ----------------------------
-- Checks structure for table PRODUCT
-- ----------------------------
ALTER TABLE "SCOTT"."PRODUCT" ADD CONSTRAINT "SYS_C0011103" CHECK ("PID" IS NOT NULL) NOT DEFERRABLE INITIALLY IMMEDIATE NORELY VALIDATE;
ALTER TABLE "SCOTT"."PRODUCT" ADD CONSTRAINT "SYS_C0011104" CHECK ("PNAME" IS NOT NULL) NOT DEFERRABLE INITIALLY IMMEDIATE NORELY VALIDATE;

-- ----------------------------
-- Primary Key structure for table SQLINJECT
-- ----------------------------
ALTER TABLE "SCOTT"."SQLINJECT" ADD CONSTRAINT "SYS_C0011307" PRIMARY KEY ("ID");

-- ----------------------------
-- Checks structure for table SQLINJECT
-- ----------------------------
ALTER TABLE "SCOTT"."SQLINJECT" ADD CONSTRAINT "SYS_C0011305" CHECK ("ID" IS NOT NULL) NOT DEFERRABLE INITIALLY IMMEDIATE NORELY VALIDATE;
ALTER TABLE "SCOTT"."SQLINJECT" ADD CONSTRAINT "SYS_C0011306" CHECK ("ID" IS NOT NULL) NOT DEFERRABLE INITIALLY IMMEDIATE NORELY VALIDATE;

-- ----------------------------
-- Primary Key structure for table STUDENTS
-- ----------------------------
ALTER TABLE "SCOTT"."STUDENTS" ADD CONSTRAINT "SYS_C0011136" PRIMARY KEY ("SNO");

-- ----------------------------
-- Primary Key structure for table URL
-- ----------------------------
ALTER TABLE "SCOTT"."URL" ADD CONSTRAINT "SYS_C0011402" PRIMARY KEY ("ID");

-- ----------------------------
-- Checks structure for table URL
-- ----------------------------
ALTER TABLE "SCOTT"."URL" ADD CONSTRAINT "SYS_C0011394" CHECK ("ID" IS NOT NULL) NOT DEFERRABLE INITIALLY IMMEDIATE NORELY VALIDATE;
ALTER TABLE "SCOTT"."URL" ADD CONSTRAINT "SYS_C0011395" CHECK ("URL" IS NOT NULL) NOT DEFERRABLE INITIALLY IMMEDIATE NORELY VALIDATE;
ALTER TABLE "SCOTT"."URL" ADD CONSTRAINT "SYS_C0011396" CHECK ("SQL" IS NOT NULL) NOT DEFERRABLE INITIALLY IMMEDIATE NORELY VALIDATE;
ALTER TABLE "SCOTT"."URL" ADD CONSTRAINT "SYS_C0011397" CHECK ("USERID" IS NOT NULL) NOT DEFERRABLE INITIALLY IMMEDIATE NORELY VALIDATE;
ALTER TABLE "SCOTT"."URL" ADD CONSTRAINT "SYS_C0011398" CHECK ("ID" IS NOT NULL) NOT DEFERRABLE INITIALLY IMMEDIATE NORELY VALIDATE;
ALTER TABLE "SCOTT"."URL" ADD CONSTRAINT "SYS_C0011399" CHECK ("URL" IS NOT NULL) NOT DEFERRABLE INITIALLY IMMEDIATE NORELY VALIDATE;
ALTER TABLE "SCOTT"."URL" ADD CONSTRAINT "SYS_C0011400" CHECK ("SQL" IS NOT NULL) NOT DEFERRABLE INITIALLY IMMEDIATE NORELY VALIDATE;
ALTER TABLE "SCOTT"."URL" ADD CONSTRAINT "SYS_C0011401" CHECK ("USERID" IS NOT NULL) NOT DEFERRABLE INITIALLY IMMEDIATE NORELY VALIDATE;
ALTER TABLE "SCOTT"."URL" ADD CONSTRAINT "SYS_C0011403" CHECK ("XSS" IS NOT NULL) NOT DEFERRABLE INITIALLY IMMEDIATE NORELY VALIDATE;

-- ----------------------------
-- Primary Key structure for table USERS
-- ----------------------------
ALTER TABLE "SCOTT"."USERS" ADD CONSTRAINT "SYS_C0011102" PRIMARY KEY ("USERID");

-- ----------------------------
-- Checks structure for table USERS
-- ----------------------------
ALTER TABLE "SCOTT"."USERS" ADD CONSTRAINT "SYS_C0011099" CHECK ("USERID" IS NOT NULL) NOT DEFERRABLE INITIALLY IMMEDIATE NORELY VALIDATE;
ALTER TABLE "SCOTT"."USERS" ADD CONSTRAINT "SYS_C0011100" CHECK ("USERNAME" IS NOT NULL) NOT DEFERRABLE INITIALLY IMMEDIATE NORELY VALIDATE;
ALTER TABLE "SCOTT"."USERS" ADD CONSTRAINT "SYS_C0011101" CHECK ("PASSWD" IS NOT NULL) NOT DEFERRABLE INITIALLY IMMEDIATE NORELY VALIDATE;

-- ----------------------------
-- Foreign Keys structure for table CART
-- ----------------------------
ALTER TABLE "SCOTT"."CART" ADD CONSTRAINT "SYS_C0011116" FOREIGN KEY ("USERID") REFERENCES "SCOTT"."USERS" ("USERID") NOT DEFERRABLE INITIALLY IMMEDIATE NORELY VALIDATE;
ALTER TABLE "SCOTT"."CART" ADD CONSTRAINT "SYS_C0011117" FOREIGN KEY ("PID") REFERENCES "SCOTT"."PRODUCT" ("PID") NOT DEFERRABLE INITIALLY IMMEDIATE NORELY VALIDATE;

-- ----------------------------
-- Foreign Keys structure for table EMP
-- ----------------------------
ALTER TABLE "SCOTT"."EMP" ADD CONSTRAINT "FK_DEPTNO" FOREIGN KEY ("DEPTNO") REFERENCES "SCOTT"."DEPT" ("DEPTNO") NOT DEFERRABLE INITIALLY IMMEDIATE NORELY VALIDATE;

-- ----------------------------
-- Foreign Keys structure for table ORDERDETAIL
-- ----------------------------
ALTER TABLE "SCOTT"."ORDERDETAIL" ADD CONSTRAINT "SYS_C0011130" FOREIGN KEY ("OID") REFERENCES "SCOTT"."ORDERS" ("OID") NOT DEFERRABLE INITIALLY IMMEDIATE NORELY VALIDATE;
ALTER TABLE "SCOTT"."ORDERDETAIL" ADD CONSTRAINT "SYS_C0011131" FOREIGN KEY ("PID") REFERENCES "SCOTT"."PRODUCT" ("PID") NOT DEFERRABLE INITIALLY IMMEDIATE NORELY VALIDATE;

-- ----------------------------
-- Foreign Keys structure for table ORDERS
-- ----------------------------
ALTER TABLE "SCOTT"."ORDERS" ADD CONSTRAINT "SYS_C0011111" FOREIGN KEY ("USERID") REFERENCES "SCOTT"."USERS" ("USERID") NOT DEFERRABLE INITIALLY IMMEDIATE NORELY VALIDATE;

-- ----------------------------
-- Foreign Keys structure for table SC
-- ----------------------------
ALTER TABLE "SCOTT"."SC" ADD CONSTRAINT "SYS_C0011139" FOREIGN KEY ("SNO") REFERENCES "SCOTT"."STUDENTS" ("SNO") NOT DEFERRABLE INITIALLY IMMEDIATE NORELY VALIDATE;
ALTER TABLE "SCOTT"."SC" ADD CONSTRAINT "SYS_C0011140" FOREIGN KEY ("CNO") REFERENCES "SCOTT"."COURSES" ("CNO") NOT DEFERRABLE INITIALLY IMMEDIATE NORELY VALIDATE;
